{
    "music_volume": 0.13793103448275862,
    "sfx_volume": 0.7999999999999999,
    "save_on_exit": false
}